aakash,aakash,aakash@gmail.com
biraj,biraj,biraj@gmail.com
hemanth,hemanth,hemanth@gmail.com
jadhesh,jadhesh,jadhesh@gmail.com
siddhant,siddhant,siddhant@gmail.com
sonaksh,sonaksh,sonaksh@gmail.com
vishal,vishal,vishal@gmail.com
